<!DOCTYPE hibernate-configuration PUBLIC
        "-//Hibernate/Hibernate Configuration DTD 3.0//EN"
        "http://hibernate.sourceforge.net/hibernate-configuration-3.0.dtd">
<hibernate-configuration>
    <session-factory>
        <property name="hibernate.connection.driver_class">com.mysql.cj.jdbc.Driver</property>
        <property name="hibernate.connection.url">jdbc:mysql://localhost:3306/ejercicios?useSSL=false&amp;serverTimezone=UTC</property>
        <property name="hibernate.connection.username">root</property>
        <property name="hibernate.connection.password">raf@2002</property>

        <property name="hibernate.dialect">org.hibernate.dialect.MySQL8Dialect</property>

        <property name="hibernate.hbm2ddl.auto">validate</property>

        <property name="hibernate.show_sql">true</property>
        <property name="hibernate.format_sql">true</property>

        <mapping class="com.examen.Pelicula"/>
        <mapping class="com.examen.Opinion"/>
    </session-factory>
</hibernate-configuration>

